{
  "name": "hellsfury_landspawner",
  "type": "spawner",
  "enabled": true,
  "loadDefault": false,
  "mobCountMin": 3,
  "ignoreDimensions": true,
  "ignoreBiomes": true,
  "ignoreLightLevel": true,
  "ignoreGroupLimit": true,
  "ignoreForgeCanSpawnEvent": true,
  "forceNoDespawn": true,
  "eventName": "hellsfury",
  "conditions": [],
  "triggers": [
    {
      "type": "player",
      "chance": 1,
      "tickRate": 200
    }
  ],
  "locations": [
    {
      "type": "random",
      "rangeMin": [
        24,
        0,
        24
      ],
      "rangeMax": [
        32,
        48,
        32
      ],
      "sorting": "random",
      "limit": 32,
      "solidGround": true
    }
  ],
  "mobSpawns": [
    {
      "mobId": "lycanitesmobs:belph",
      "weight": 16
    },
    {
      "mobId": "lycanitesmobs:behemoth",
      "weight": 8
    },
    {
      "mobId": "lycanitesmobs:archvile",
      "weight": 1
    }
  ]
}