{
  "name": "arachnophobia_spawner",
  "type": "spawner",
  "enabled": true,
  "loadDefault": false,
  "mobCountMin": 4,
  "ignoreDimensions": true,
  "ignoreBiomes": true,
  "ignoreLightLevel": true,
  "ignoreGroupLimit": true,
  "ignoreForgeCanSpawnEvent": true,
  "forceNoDespawn": true,
  "eventName": "arachnophobia",
  "conditions": [],
  "triggers": [
    {
      "type": "player",
      "chance": 1,
      "tickRate": 100
    }
  ],
  "locations": [
    {
      "type": "random",
      "rangeMin": [
        24,
        0,
        24
      ],
      "rangeMax": [
        32,
        48,
        32
      ],
      "sorting": "random",
      "limit": 32,
      "solidGround": true
    }
  ],
  "mobSpawns": [
    {
      "mobId": "lycanitesmobs:frostweaver",
      "weight": 8
    },
    {
      "mobId": "lycanitesmobs:sutiramu",
      "weight": 8
    },
    {
      "mobId": "lycanitesmobs:tarantula",
      "weight": 8
    }
  ]
}