{
  "name": "roasting_landspawner",
  "type": "spawner",
  "enabled": true,
  "loadDefault": false,
  "mobCountMin": 4,
  "ignoreDimensions": true,
  "ignoreBiomes": true,
  "ignoreLightLevel": true,
  "ignoreGroupLimit": true,
  "ignoreForgeCanSpawnEvent": true,
  "forceNoDespawn": true,
  "eventName": "roasting",
  "conditions": [],
  "triggers": [
    {
      "type": "player",
      "chance": 1,
      "tickRate": 200
    }
  ],
  "locations": [
    {
      "type": "random",
      "rangeMin": [
        24,
        0,
        24
      ],
      "rangeMax": [
        32,
        48,
        32
      ],
      "sorting": "random",
      "limit": 32,
      "solidGround": true
    }
  ],
  "mobSpawns": [
    {
      "mobId": "lycanitesmobs:lobber",
      "weight": 8
    },
    {
      "mobId": "lycanitesmobs:wendigo",
      "weight": 8
    },
    {
      "mobId": "lycanitesmobs:wildkin",
      "weight": 8,
      "mobNameTag": "Gooderness"
    }
  ]
}