{
  "name": "saltytree_spawner",
  "type": "spawner",
  "enabled": true,
  "loadDefault": false,
  "mobCountMin": 5,
  "ignoreDimensions": true,
  "ignoreBiomes": true,
  "ignoreLightLevel": true,
  "ignoreGroupLimit": true,
  "ignoreForgeCanSpawnEvent": true,
  "forceNoDespawn": true,
  "eventName": "saltytree",
  "conditions": [],
  "triggers": [
    {
      "type": "player",
      "chance": 1,
      "tickRate": 100
    }
  ],
  "locations": [
    {
      "type": "random",
      "rangeMin": [
        24,
        0,
        24
      ],
      "rangeMax": [
        32,
        48,
        32
      ],
      "sorting": "random",
      "limit": 32,
      "solidGround": true
    }
  ],
  "mobSpawns": [
    {
      "mobId": "lycanitesmobs:ent",
      "weight": 8,
      "mobNameTag": "Salty Tree"
    },
    {
      "mobId": "lycanitesmobs:treant",
      "weight": 4,
      "mobNameTag": "Salty Tree"
    },
    {
      "mobId": "lycanitesmobs:wildkin",
      "weight": 2,
      "mobNameTag": "Gooderness"
    }
  ]
}